case_id,archive_url,caption,country,court,docket_number,fetched_at,filed,lead_source,milestones,next_expected,notes,notice,parties_legal_ai,qualifier,source_url,status,status_text,summary,url,verification
evenup-v-butler-labs,,"EvenUp, Inc. v. Butler Labs, Inc.",US,U.S. District Court for the Northern District of California,4:25-cv-08199-YGR,2026-09-07T22:15:00Z,2025-09-26,"[""user brief"", ""web search"", ""CourtListener RECAP search throttled""]","[{""date"": ""2025-09-26"", ""event"": ""EvenUp filed trade-secret action against Butler Labs."", ""url"": ""https://ecf.cand.uscourts.gov/""}, {""date"": ""2026-03-19"", ""event"": ""Public docket lead reports order denying preliminary injunction and resolving sealing motions."", ""url"": null}]",Monitor N.D. Cal. docket or RECAP for free availability of the PI order and subsequent merits schedule.,CourtListener RECAP was throttled and N.D. Cal. public-document probes did not locate a free PDF; row needs human docket review.,"Provided as is, without warranty. Not legal advice. SafeLegalAI (Cognesio LLP) records what courts, regulators, legislatures and vendors' own public pages state; the linked official documents are the record. Names and marks belong to their owners. Anyone named may reply: https://safelegalai.com/report. Full terms: https://safelegalai.com/disclaimer","[""EvenUp, Inc."", ""Butler Labs, Inc.""]",trade-secret-vendor,https://ecf.cand.uscourts.gov/,active,"Docket leads report Judge Yvonne Gonzalez Rogers denied EvenUp’s preliminary-injunction motion on March 19, 2026; no free court PDF was located.","EvenUp’s trade-secret suit against Butler Labs concerns competing legal-AI products for injury and claims work. Free discovery located only docket leads, not the preliminary-injunction order; the matter appears active after a March 2026 denial of interim relief.",https://safelegalai.com/courts/litigation/evenup-v-butler-labs,link-only
canlii-v-caseway-ai,,Canadian Legal Information Institute v. Caseway AI,CA,Supreme Court of British Columbia,VLC-S-S-247574,2026-09-07T22:15:00Z,2024-12,"[""user brief"", ""CanLII blog""]","[{""date"": ""2026-03-20"", ""event"": ""CanLII announced confidential settlement and final resolution of the BCSC proceeding."", ""url"": ""https://blog.canlii.org/2026/03/20/announcement-regarding-settlement-between-canlii-and-caseway/""}]",,"No public court order was located; official BC Court Services Online is the registry source, while CanLII’s public settlement statement was read only as a lead. Needs human registry verification.","Provided as is, without warranty. Not legal advice. SafeLegalAI (Cognesio LLP) records what courts, regulators, legislatures and vendors' own public pages state; the linked official documents are the record. Names and marks belong to their owners. Anyone named may reply: https://safelegalai.com/report. Full terms: https://safelegalai.com/disclaimer","[""Caseway AI""]",database-terms,https://justice.gov.bc.ca/cso/,settled,"CanLII and Caseway announced on March 20, 2026 that all matters in VLC-S-S-247574 were fully and finally resolved on confidential terms.","CanLII’s British Columbia proceeding against Caseway AI concerned alleged legal-database misuse by a legal-AI product. The parties announced a confidential settlement in March 2026, stating that both organizations would move forward independently and make no further public comment.",https://safelegalai.com/courts/litigation/canlii-v-caseway-ai,link-only
ftc-in-re-donotpay,,"In the Matter of DoNotPay, Inc.",US,Federal Trade Commission,Docket No. C-4812; File No. 232-3042,2026-09-07T22:15:00Z,2024-09-25,"[""user brief"", ""Federal Register API"", ""FTC website""]","[{""date"": ""2024-09-30"", ""event"": ""Federal Register published analysis of proposed consent order for public comment."", ""url"": ""https://www.govinfo.gov/content/pkg/FR-2024-09-30/pdf/2024-22400.pdf""}, {""date"": ""2025-01-14"", ""event"": ""FTC issued final decision and order in Docket C-4812."", ""url"": ""https://www.ftc.gov/system/files/ftc_gov/pdf/2323042_donotpay_decision_and_order_0.pdf""}]",Compliance reports and customer-notice obligations under the final order.,,"Provided as is, without warranty. Not legal advice. SafeLegalAI (Cognesio LLP) records what courts, regulators, legislatures and vendors' own public pages state; the linked official documents are the record. Names and marks belong to their owners. Anyone named may reply: https://safelegalai.com/report. Full terms: https://safelegalai.com/disclaimer","[""DoNotPay, Inc.""]",regulator-consumer,https://www.ftc.gov/system/files/ftc_gov/pdf/2323042_donotpay_decision_and_order_0.pdf,consent-order,"FTC final decision and order issued January 14, 2025; DoNotPay owes monetary relief and must comply with notice, substantiation, reporting, and recordkeeping terms.","The FTC challenged DoNotPay’s “robot lawyer” and AI-lawyer claims as deceptive. The final order bars unsupported claims that its service acts like a lawyer or other professional, imposes $193,000 in monetary relief, and requires customer notice and compliance reporting.",https://safelegalai.com/courts/litigation/ftc-in-re-donotpay,fetched-and-read
faridian-v-donotpay,,"Jonathan Faridian v. DoNotPay, Inc.",US,U.S. District Court for the Northern District of California,3:23-cv-01692-RFL,2026-09-07T22:15:00Z,2023-04-07,"[""user brief"", ""GovInfo"", ""public docket leads""]","[{""date"": ""2023-04-07"", ""event"": ""Removed/filed consumer class action against DoNotPay in N.D. Cal."", ""url"": ""https://www.govinfo.gov/app/details/USCOURTS-cand-3_23-cv-01692""}, {""date"": ""2024-01-30"", ""event"": ""Court ordered jurisdictional discovery and related sealing response."", ""url"": ""https://www.govinfo.gov/content/pkg/USCOURTS-cand-3_23-cv-01692/pdf/USCOURTS-cand-3_23-cv-01692-0.pdf""}, {""date"": ""2024-07-30"", ""event"": ""Docket lead reports stipulated dismissal with prejudice."", ""url"": null}]",,Final dismissal document was not found in free GovInfo/RECAP materials; status relies on public docket lead and is flagged for human review.,"Provided as is, without warranty. Not legal advice. SafeLegalAI (Cognesio LLP) records what courts, regulators, legislatures and vendors' own public pages state; the linked official documents are the record. Names and marks belong to their owners. Anyone named may reply: https://safelegalai.com/report. Full terms: https://safelegalai.com/disclaimer","[""DoNotPay, Inc.""]",upl-consumer,https://www.govinfo.gov/content/pkg/USCOURTS-cand-3_23-cv-01692/pdf/USCOURTS-cand-3_23-cv-01692-0.pdf,dismissed,"Public docket leads report a stipulated dismissal with prejudice on July 30, 2024; free final dismissal paper was not located.",Faridian sued DoNotPay over alleged automated legal-service representations and consumer-facing products. Free filings show arbitration and jurisdictional-discovery activity; public docket leads indicate the parties later stipulated to dismiss the federal action with prejudice in July 2024.,https://safelegalai.com/courts/litigation/faridian-v-donotpay,fetched-and-read
millerking-v-donotpay,,"MillerKing, LLC v. DoNotPay, Inc.",US,U.S. District Court for the Southern District of Illinois,3:23-cv-00863-NJR,2026-09-07T22:15:00Z,2023-03-15,"[""user brief"", ""GovInfo"", ""public docket search""]","[{""date"": ""2023-03-15"", ""event"": ""Class complaint filed alleging DoNotPay’s robot-lawyer service constituted unauthorized practice and false advertising."", ""url"": null}, {""date"": ""2023-11-28"", ""event"": ""Court amended dismissal order to clarify lack-of-standing dismissal would be without prejudice absent amendment."", ""url"": ""https://www.govinfo.gov/content/pkg/USCOURTS-ilsd-3_23-cv-00863/pdf/USCOURTS-ilsd-3_23-cv-00863-0.pdf""}]",,,"Provided as is, without warranty. Not legal advice. SafeLegalAI (Cognesio LLP) records what courts, regulators, legislatures and vendors' own public pages state; the linked official documents are the record. Names and marks belong to their owners. Anyone named may reply: https://safelegalai.com/report. Full terms: https://safelegalai.com/disclaimer","[""DoNotPay, Inc.""]",upl-consumer,https://www.govinfo.gov/content/pkg/USCOURTS-ilsd-3_23-cv-00863/pdf/USCOURTS-ilsd-3_23-cv-00863-0.pdf,dismissed,"Complaint was dismissed for lack of Article III standing; a November 28, 2023 order clarified any dismissal would be without prejudice, and no Seventh Circuit appeal was found.","MillerKing, an Illinois law firm, sued DoNotPay over “robot lawyer” marketing and alleged unauthorized practice of law. The court dismissed for lack of standing and later corrected the dismissal posture; no free record of a Seventh Circuit appeal was found.",https://safelegalai.com/courts/litigation/millerking-v-donotpay,fetched-and-read
smartlaw-bgh-2021,,Hanseatische Rechtsanwaltskammer Hamburg v. Wolters Kluwer Deutschland GmbH (smartlaw),DE,Bundesgerichtshof,I ZR 113/20,2026-09-07T22:15:00Z,2021-09-09,"[""user brief"", ""BGH official site""]","[{""date"": ""2021-09-09"", ""event"": ""BGH held smartlaw-style digital contract generation is not a legal service under RDG § 2(1)."", ""url"": ""https://www.bundesgerichtshof.de/SharedDocs/Entscheidungen/DE/Zivilsenate/I_ZS/2020/I_ZR_113-20.pdf?__blob=publicationFile&v=1""}]",,"Rule-based document generator, included because the brief requested it with qualifier upl-consumer.","Provided as is, without warranty. Not legal advice. SafeLegalAI (Cognesio LLP) records what courts, regulators, legislatures and vendors' own public pages state; the linked official documents are the record. Names and marks belong to their owners. Anyone named may reply: https://safelegalai.com/report. Full terms: https://safelegalai.com/disclaimer","[""Wolters Kluwer smartlaw""]",upl-consumer,https://www.bundesgerichtshof.de/SharedDocs/Entscheidungen/DE/Zivilsenate/I_ZS/2020/I_ZR_113-20.pdf?__blob=publicationFile&v=1,judgment,"BGH judgment issued September 9, 2021 affirmed dismissal of the bar chamber’s challenge and held the smartlaw document generator was not an RDG legal service.",The German Federal Court of Justice ruled that smartlaw’s rule-based contract document generator does not provide an unauthorized legal service under the Rechtsdienstleistungsgesetz. The row is marked legal-AI-adjacent because the product is rule-based rather than generative AI.,https://safelegalai.com/courts/litigation/smartlaw-bgh-2021,fetched-and-read
thomson-reuters-v-ross,,Thomson Reuters Enterprise Centre GmbH and West Publishing Corp. v. ROSS Intelligence Inc.,US,U.S. District Court for the District of Delaware; U.S. Court of Appeals for the Third Circuit,D. Del. 1:20-cv-00613-SB; 3d Cir. No. 25-2153,2026-09-07T22:15:00Z,2020-05-06,"[""user brief"", ""Third Circuit opinions search""]","[{""date"": ""2025-02-11"", ""event"": ""Memorandum opinion granted Thomson Reuters partial summary judgment and rejected ROSS’s fair-use defense."", ""url"": ""https://www.ded.uscourts.gov/sites/ded/files/opinions/20-613_5.pdf""}, {""date"": ""2026-06-11"", ""event"": ""Third Circuit heard argument in No. 25-2153; decision pending."", ""url"": ""https://www.ca3.uscourts.gov/opinions-and-oral-arguments""}]",Third Circuit opinion in No. 25-2153.,,"Provided as is, without warranty. Not legal advice. SafeLegalAI (Cognesio LLP) records what courts, regulators, legislatures and vendors' own public pages state; the linked official documents are the record. Names and marks belong to their owners. Anyone named may reply: https://safelegalai.com/report. Full terms: https://safelegalai.com/disclaimer","[""ROSS Intelligence Inc.""]",copyright-training,https://www.ded.uscourts.gov/sites/ded/files/opinions/20-613_5.pdf,on-appeal,"District-court summary judgment issued February 11, 2025; Third Circuit No. 25-2153 was argued June 11, 2026 and no opinion was found as of 2026-09-07.","ROSS, an AI legal-research startup, used Westlaw-derived legal Q&A materials to train a competing search tool. The district court found key Westlaw material protectable and rejected fair use; the interlocutory appeal is pending in the Third Circuit.",https://safelegalai.com/courts/litigation/thomson-reuters-v-ross,fetched-and-read
dalloz-v-forseti-doctrine,,"Éditions Dalloz, Lexbase, LexisNexis, Lextenso, Lamy Liaisons v. Forseti (Doctrine)",FR,"Cour d’appel de Paris, Pôle 5, Chambre 1",RG No. 23/06063,2026-09-07T22:15:00Z,2018-10,"[""user brief"", ""Cour de cassation link"", ""Legalis article""]","[{""date"": ""2025-05-07"", ""event"": ""Paris Court of Appeal issued judgment in RG No. 23/06063 concerning Doctrine.fr’s case-law collection practices."", ""url"": ""https://www.courdecassation.fr/decision/681c3dea1ca45fa20a739723""}]",,"Official Cour de cassation page blocked automated access; Legalis article was read for public details, so this row needs human verification against the official judgment text.","Provided as is, without warranty. Not legal advice. SafeLegalAI (Cognesio LLP) records what courts, regulators, legislatures and vendors' own public pages state; the linked official documents are the record. Names and marks belong to their owners. Anyone named may reply: https://safelegalai.com/report. Full terms: https://safelegalai.com/disclaimer","[""Forseti"", ""Doctrine.fr""]",database-terms,https://www.courdecassation.fr/decision/681c3dea1ca45fa20a739723,judgment,"Paris Court of Appeal judgment dated May 7, 2025 found unfair competition and awarded damages to legal publishers; official court page was blocked to automated access.",French legal publishers challenged Forseti’s Doctrine.fr case-law collection practices. Public legal reporting and the official decision listing identify a May 2025 Paris Court of Appeal judgment finding unfair competition based on large-scale illicit collection of court decisions.,https://safelegalai.com/courts/litigation/dalloz-v-forseti-doctrine,link-only
west-publishing-v-legalease,,"West Publishing Corporation v. LegalEase Solutions, LLC",US,U.S. District Court for the District of Minnesota,0:18-cv-01445-DSD-ECW,2026-09-07T22:15:00Z,2018-05-24,"[""user brief"", ""DocketAlarm mirror""]","[{""date"": ""2020-05-05"", ""event"": ""Consent judgment and stipulated permanent injunction entered against LegalEase."", ""url"": ""https://ecf.mnd.uscourts.gov/cgi-bin/show_public_doc?2018cv1445-119""}]",,Official PACER document was not freely retrieved; the court-filed consent judgment was read from a public DocketAlarm PDF mirror.,"Provided as is, without warranty. Not legal advice. SafeLegalAI (Cognesio LLP) records what courts, regulators, legislatures and vendors' own public pages state; the linked official documents are the record. Names and marks belong to their owners. Anyone named may reply: https://safelegalai.com/report. Full terms: https://safelegalai.com/disclaimer","[""LegalEase Solutions, LLC""]",copyright-training,https://ecf.mnd.uscourts.gov/cgi-bin/show_public_doc?2018cv1445-119,judgment,"Consent judgment and stipulated permanent injunction entered May 5, 2020; case closed.","West sued LegalEase over use of Westlaw content later relevant to ROSS training data. The consent judgment permanently enjoins LegalEase from using Westlaw content, sharing credentials, or using bots and automated processes to bulk copy or distribute Westlaw material.",https://safelegalai.com/courts/litigation/west-publishing-v-legalease,mirror-read
